,Run,Chip,Channel,MPV,MPV_err_low,MPV_err_high,GoF,N_entries
52,muon_150_magnetOff,2,0,124.75,1.39,1.46,6.37,1560
53,muon_150_magnetOff,2,1,131.73,1.1,1.22,1.18,2583
54,muon_150_magnetOff,2,2,122.53,1.43,1.65,10.12,1300
55,muon_150_magnetOff,2,3,136.64,1.35,1.22,6.18,2047
56,muon_150_magnetOff,2,4,141.04,2.41,2.4,1.16,815
57,muon_150_magnetOff,2,23,137.24,1.56,1.44,0.67,1786
58,muon_150_magnetOff,2,24,146.87,1.56,1.53,2.48,2108
59,muon_150_magnetOff,2,28,146.61,1.15,1.32,3.47,3404
60,muon_150_magnetOff,2,29,152.14,1.32,1.1,0.4,4005
61,muon_150_magnetOff,2,30,125.93,1.02,1.09,1.3,2804
62,muon_150_magnetOff,2,31,131.59,1.19,0.99,5.4,3104
63,muon_150_magnetOff,2,36,142.29,1.0,0.95,2.98,4316
64,muon_150_magnetOff,2,37,139.88,0.78,0.81,11.25,5433
65,muon_150_magnetOff,3,9,57.47,3.16,3.57,1.85,139
66,muon_150_magnetOff,3,11,50.62,1.59,1.92,2.61,196
67,muon_150_magnetOff,3,29,53.27,0.76,0.71,5.29,2297
68,muon_150_magnetOff,3,35,55.7,0.29,0.37,21.68,2607
69,muon_150_magnetOff,3,38,54.56,0.56,0.48,36.22,3115
70,muon_150_magnetOff,3,39,58.5,0.66,0.61,7.39,2766
71,muon_150_magnetOff,3,49,58.79,0.64,0.65,9.44,2804
72,muon_150_magnetOff,3,60,57.54,3.68,3.08,11.53,159
73,muon_150_magnetOff,3,66,55.92,1.01,0.94,1.79,1357
74,muon_150_magnetOff,3,67,57.29,2.88,2.87,5.9,191
75,muon_150_magnetOff,4,0,56.08,2.64,2.66,4.14,359
76,muon_150_magnetOff,4,1,58.13,3.07,3.47,20.28,230
77,muon_150_magnetOff,4,6,65.25,3.2,3.71,12.69,320
78,muon_150_magnetOff,4,7,63.59,2.44,2.49,20.21,278
24,muon_250_magnetOff,2,0,126.05,2.4,2.39,9.06,825
25,muon_250_magnetOff,2,1,133.5,1.66,1.74,5.58,1688
26,muon_250_magnetOff,2,2,123.71,1.97,1.96,1.68,762
27,muon_250_magnetOff,2,3,139.54,1.61,1.75,1.35,1567
28,muon_250_magnetOff,2,4,145.46,3.12,3.34,2.96,564
29,muon_250_magnetOff,2,5,134.25,2.0,2.12,0.66,1139
30,muon_250_magnetOff,2,23,137.0,1.71,1.39,3.33,1576
31,muon_250_magnetOff,2,24,143.15,1.64,1.82,3.41,1898
32,muon_250_magnetOff,2,28,148.16,1.35,1.15,6.33,2386
33,muon_250_magnetOff,2,29,147.27,1.44,1.39,1.74,2626
34,muon_250_magnetOff,2,30,124.47,1.18,1.29,3.18,2262
35,muon_250_magnetOff,2,31,131.29,1.21,1.2,0.6,2565
36,muon_250_magnetOff,2,36,144.38,1.25,1.39,0.7,3182
37,muon_250_magnetOff,2,37,140.83,1.25,1.13,7.95,3373
38,muon_250_magnetOff,3,9,59.53,4.57,8.23,16.81,139
39,muon_250_magnetOff,3,11,48.57,3.66,3.84,15.94,187
40,muon_250_magnetOff,3,29,53.12,0.45,0.52,26.44,3627
41,muon_250_magnetOff,3,35,56.85,0.51,0.59,5.91,2971
42,muon_250_magnetOff,3,38,54.44,0.53,0.54,51.41,3617
43,muon_250_magnetOff,3,39,55.1,0.3,0.23,21.3,2698
44,muon_250_magnetOff,3,49,56.93,0.25,0.25,41.25,4375
45,muon_250_magnetOff,3,60,57.13,1.3,1.29,6.52,200
46,muon_250_magnetOff,3,66,54.82,1.1,1.04,8.0,979
47,muon_250_magnetOff,3,67,58.0,3.23,2.99,16.77,191
48,muon_250_magnetOff,4,0,51.94,2.13,3.34,17.27,191
49,muon_250_magnetOff,4,1,56.01,3.81,3.98,12.34,140
50,muon_250_magnetOff,4,6,65.09,3.82,3.89,11.82,167
51,muon_250_magnetOff,4,7,64.28,5.04,11.24,7.13,138
0,muon_250_magnetOn,2,0,128.37,2.67,2.67,9.59,406
1,muon_250_magnetOn,2,1,138.54,1.95,1.89,10.34,911
2,muon_250_magnetOn,2,2,131.19,2.72,3.01,2.29,398
3,muon_250_magnetOn,2,3,142.12,2.22,2.22,2.74,830
4,muon_250_magnetOn,2,4,142.13,6.21,7.52,3.8,270
5,muon_250_magnetOn,2,5,132.58,2.77,2.68,4.62,556
6,muon_250_magnetOn,2,23,141.58,2.44,2.52,12.89,835
7,muon_250_magnetOn,2,28,153.12,1.92,2.0,9.59,1308
8,muon_250_magnetOn,2,30,130.67,1.96,2.07,8.05,1288
9,muon_250_magnetOn,2,31,137.71,1.74,1.77,5.38,1446
10,muon_250_magnetOn,2,36,148.67,1.41,1.42,6.52,1865
11,muon_250_magnetOn,3,11,65.72,9.4,12.99,0.53,56
12,muon_250_magnetOn,3,29,54.91,0.71,0.75,14.26,1888
13,muon_250_magnetOn,3,35,60.2,0.87,0.85,2.85,1663
14,muon_250_magnetOn,3,38,57.01,0.36,0.4,17.28,2012
15,muon_250_magnetOn,3,39,58.56,0.41,0.36,24.0,1574
16,muon_250_magnetOn,3,49,60.96,0.32,0.35,22.85,2373
17,muon_250_magnetOn,3,60,63.34,13.14,12.33,9.83,96
18,muon_250_magnetOn,3,66,60.05,1.25,1.38,16.88,578
19,muon_250_magnetOn,3,67,68.28,8.56,9.71,3.11,92
20,muon_250_magnetOn,4,0,57.88,9.05,7.16,2.25,97
21,muon_250_magnetOn,4,1,48.78,8.01,7.68,2.49,79
22,muon_250_magnetOn,4,6,77.72,15.27,5.38,4.22,88
23,muon_250_magnetOn,4,7,65.41,6.99,9.38,3.63,89
